country_org,country_dest,trade_flow2014
AUS,AUS,2437913.454704733
AUS,AUT,197.2133051877556
AUS,BEL,672.2610281559607
AUS,BGR,192.0597734202281
AUS,BRA,1952.17615161687
AUS,CAN,1806.540417122868
AUS,CHE,1086.12311275603
AUS,CHN,76645.19546544197
AUS,CZE,143.1068695719774
AUS,DEU,1601.52637642485
AUS,DNK,328.8599064892611
AUS,ESP,673.8323765321875
AUS,EST,9.37666907384421
AUS,FIN,107.7817174616961
AUS,FRA,1271.06215724881
AUS,GBR,3736.422825928714
AUS,GRC,41.40585269628734
AUS,HRV,7.140083377282445
AUS,HUN,25.0009263817045
AUS,IDN,6360.604627224619
AUS,IND,7844.125812794683
AUS,IRL,230.4317210140172
AUS,ITA,886.5318418103624
AUS,JPN,46272.29891172772
AUS,KOR,16057.83867833868
AUS,LTU,7.616626797579103
AUS,LUX,66.25540536437913
AUS,LVA,6.988424440180488
AUS,MEX,475.3189502655619
AUS,NLD,941.4057669952393
AUS,NOR,205.0021312380036
AUS,POL,475.3377379449598
AUS,PRT,21.78814039297337
AUS,ROU,72.80439302492971
AUS,ROW,93835.79251627297
AUS,RUS,360.0379454692765
AUS,SVK,46.65683717503768
AUS,SVN,33.58102966540746
AUS,SWE,388.7290927297306
AUS,TUR,677.0686473653334
AUS,TWN,11409.21336673551
AUS,USA,10161.41775123625
AUT,AUS,1228.689411459165
AUT,AUT,598635.3417117051
AUT,BEL,2702.29473420575
AUT,BGR,1035.1409116057
AUT,BRA,1373.751377003725
AUT,CAN,1906.558861671872
AUT,CHE,10359.91504948608
AUT,CHN,6561.155007422146
AUT,CZE,5736.820333010059
AUT,DEU,61746.13170370778
AUT,DNK,1015.74219080162
AUT,ESP,2903.513600814478
AUT,EST,144.725954686896
AUT,FIN,864.978886756041
AUT,FRA,7995.010366063089
AUT,GBR,5452.467408817233
AUT,GRC,763.7434549601282
AUT,HRV,2229.173535862858
AUT,HUN,6830.6503639605
AUT,IDN,328.1199397078627
AUT,IND,942.8671769241157
AUT,IRL,577.4874314892844
AUT,ITA,13121.1235577413
AUT,JPN,2064.428249329404
AUT,KOR,1523.042332658776
AUT,LTU,236.8157037093979
AUT,LUX,452.6337451464929
AUT,LVA,214.6781202523019
AUT,MEX,945.4195119545543
AUT,NLD,2858.439958179263
AUT,NOR,846.1374032104063
AUT,POL,5138.198742361104
AUT,PRT,417.2759090652461
AUT,ROU,2612.454673037337
AUT,ROW,32416.06004968329
AUT,RUS,4021.02601501844
AUT,SVK,3013.125488677065
AUT,SVN,2777.160482638046
AUT,SWE,2812.276800256129
AUT,TUR,2288.43639316911
AUT,TWN,549.1810989178822
AUT,USA,10051.6008836883
BEL,AUS,3351.765177685123
BEL,AUT,3524.701577295589
BEL,BEL,727924.6879645183
BEL,BGR,618.7184402364512
BEL,BRA,2478.874515305387
BEL,CAN,1862.491312786826
BEL,CHE,8250.396893387207
BEL,CHN,9184.589279055783
BEL,CZE,3089.827059442765
BEL,DEU,62505.22547219611
BEL,DNK,3192.942595046773
BEL,ESP,8901.973604440131
BEL,EST,259.8976198813069
BEL,FIN,2268.656766641152
BEL,FRA,47249.94857891105
BEL,GBR,27883.39030374897
BEL,GRC,1752.840994566158
BEL,HRV,386.9732120214001
BEL,HUN,1942.413724521086
BEL,IDN,505.2085329932706
BEL,IND,1976.291880897149
BEL,IRL,2508.115893449876
BEL,ITA,14584.49279593711
BEL,JPN,2247.170307436073
BEL,KOR,1509.913841739365
BEL,LTU,720.4593022795011
BEL,LUX,8401.210896848273
BEL,LVA,226.1848846394249
BEL,MEX,993.7681744622207
BEL,NLD,36588.58984962989
BEL,NOR,2486.806934576904
BEL,POL,5693.83411126683
BEL,PRT,1869.918707902708
BEL,ROU,1179.415893506145
BEL,ROW,69992.96009845023
BEL,RUS,4835.965202906779
BEL,SVK,896.4111264303048
BEL,SVN,439.3505719811826
BEL,SWE,7969.329286085559
BEL,TUR,4146.502356941834
BEL,TWN,803.3234157053708
BEL,USA,23732.95044787699
BGR,AUS,36.9122389189716
BGR,AUT,921.1322813962511
BGR,BEL,1636.120140881626
BGR,BGR,91174.20633936515
BGR,BRA,37.51371866443667
BGR,CAN,85.94858250355504
BGR,CHE,224.8009442023154
BGR,CHN,816.408046378994
BGR,CZE,420.9967828717143
BGR,DEU,2877.755688724135
BGR,DNK,186.8608516079766
BGR,ESP,532.1609875894883
BGR,EST,24.41914762052944
BGR,FIN,146.8183371744059
BGR,FRA,1104.438989215534
BGR,GBR,767.2240043201435
BGR,GRC,1527.253414801452
BGR,HRV,100.3806734020246
BGR,HUN,384.3980776157704
BGR,IDN,41.4915876032903
BGR,IND,53.90926848746121
BGR,IRL,95.07676469000245
BGR,ITA,2345.981073800222
BGR,JPN,57.72834742727788
BGR,KOR,114.7378557933067
BGR,LTU,54.69331763450825
BGR,LUX,36.38374502824982
BGR,LVA,34.5957918572101
BGR,MEX,42.28909234173925
BGR,NLD,487.6784282588046
BGR,NOR,59.9929141762902
BGR,POL,544.8160006066969
BGR,PRT,127.4965082812896
BGR,ROU,1772.440332381049
BGR,ROW,9487.035772365694
BGR,RUS,672.9025437641595
BGR,SVK,197.7171316585463
BGR,SVN,182.0721586881216
BGR,SWE,231.0711802989349
BGR,TUR,2576.941815537837
BGR,TWN,25.48519033083555
BGR,USA,624.2207037903069
BRA,AUS,1164.054033115766
BRA,AUT,340.8781098033738
BRA,BEL,3121.464681924717
BRA,BGR,195.2435334674796
BRA,BRA,3833238.894861182
BRA,CAN,3495.071074335268
BRA,CHE,560.5930018133554
BRA,CHN,41012.17524469456
BRA,CZE,143.421716268183
BRA,DEU,7024.734724240248
BRA,DNK,908.298696742569
BRA,ESP,3302.001042848741
BRA,EST,50.06987162383829
BRA,FIN,560.4541259334214
BRA,FRA,4870.501645493252
BRA,GBR,4778.96288698256
BRA,GRC,182.8518482134242
BRA,HRV,60.52638073672406
BRA,HUN,187.1749998025353
BRA,IDN,3475.755138974122
BRA,IND,6890.617602213999
BRA,IRL,831.8307611478613
BRA,ITA,4089.932985924495
BRA,JPN,9054.493328251494
BRA,KOR,4341.47991649984
BRA,LTU,45.80108436069738
BRA,LUX,29.23055709057244
BRA,LVA,30.26750243170181
BRA,MEX,4855.520712794755
BRA,NLD,8682.311778748101
BRA,NOR,1707.881679958698
BRA,POL,645.8299153512633
BRA,PRT,1184.700666735359
BRA,ROU,346.7651592140607
BRA,ROW,113551.1609830781
BRA,RUS,3655.824110582558
BRA,SVK,65.36144782787741
BRA,SVN,323.4492065453909
BRA,SWE,697.469769594531
BRA,TUR,1677.347168062274
BRA,TWN,2571.514308538824
BRA,USA,29552.36664116654
CAN,AUS,2683.77889372918
CAN,AUT,620.413319861652
CAN,BEL,2426.321584000219
CAN,BGR,149.9846577140515
CAN,BRA,2145.689165278679
CAN,CAN,2692946.523494762
CAN,CHE,1222.019203899551
CAN,CHN,17815.29360071742
CAN,CZE,191.7923410349757
CAN,DEU,4154.971718335696
CAN,DNK,484.1274611074997
CAN,ESP,1334.211327267919
CAN,EST,43.38619185605035
CAN,FIN,724.2294525747334
CAN,FRA,7212.009381557222
CAN,GBR,13648.9393664826
CAN,GRC,235.201843734032
CAN,HRV,48.50483066350361
CAN,HUN,221.2413107412946
CAN,IDN,1354.999794488966
CAN,IND,2636.254111325942
CAN,IRL,1469.753466736806
CAN,ITA,3150.054843357506
CAN,JPN,14046.15100029784
CAN,KOR,4701.663348929111
CAN,LTU,53.64187502157103
CAN,LUX,295.6788973651726
CAN,LVA,33.10670052163619
CAN,MEX,8237.104287191165
CAN,NLD,2161.754593049376
CAN,NOR,2395.484203349361
CAN,POL,475.6649507036241
CAN,PRT,203.4719938596993
CAN,ROU,287.5662461832223
CAN,ROW,109965.9934858527
CAN,RUS,1645.92866993697
CAN,SVK,173.775537056532
CAN,SVN,46.79624922150438
CAN,SWE,1231.222935654879
CAN,TUR,967.8081834560281
CAN,TWN,2136.100970692845
CAN,USA,350482.134344158
CHE,AUS,3060.186339162025
CHE,AUT,6705.903113212336
CHE,BEL,8080.126926174288
CHE,BGR,286.8431071056277
CHE,BRA,2722.012194472394
CHE,CAN,5775.730773362691
CHE,CHE,1049093.521396548
CHE,CHN,10925.59241012361
CHE,CZE,1451.989811950503
CHE,DEU,48316.96973444581
CHE,DNK,2021.151370044316
CHE,ESP,7043.762439664232
CHE,EST,149.2350346714875
CHE,FIN,1280.791607169579
CHE,FRA,19763.93616224415
CHE,GBR,12649.08153001765
CHE,GRC,1239.443160266789
CHE,HRV,242.1171179228611
CHE,HUN,1063.005683033738
CHE,IDN,605.5263932143607
CHE,IND,2774.405442815948
CHE,IRL,2362.099562707209
CHE,ITA,16259.44776732638
CHE,JPN,7175.574128029939
CHE,KOR,3150.758881637182
CHE,LTU,139.5395145421894
CHE,LUX,5463.613565290035
CHE,LVA,209.9463683427021
CHE,MEX,1618.499492946368
CHE,NLD,12116.61780818318
CHE,NOR,1534.196379303688
CHE,POL,2638.084001786844
CHE,PRT,1008.235543429176
CHE,ROU,770.1979998707023
CHE,ROW,116588.9644849018
CHE,RUS,6333.03948368369
CHE,SVK,643.3452196500019
CHE,SVN,417.1992064713523
CHE,SWE,1743.987221671329
CHE,TUR,1731.074583354881
CHE,TWN,1525.666825715931
CHE,USA,32981.6963574578
CHN,AUS,48458.54634746336
CHN,AUT,4242.399953742898
CHN,BEL,11803.58818095816
CHN,BGR,1029.02046682782
CHN,BRA,38987.59079040105
CHN,CAN,49636.1730641956
CHN,CHE,7292.86583351356
CHN,CHN,29319958.62296633
CHN,CZE,8897.806617132583
CHN,DEU,88464.56419825266
CHN,DNK,6198.962064789268
CHN,ESP,21495.8605564737
CHN,EST,1073.260294519263
CHN,FIN,6870.438378909774
CHN,FRA,41291.33287209401
CHN,GBR,51850.28724659111
CHN,GRC,4190.466029521246
CHN,HRV,713.9291793036754
CHN,HUN,5395.649713871036
CHN,IDN,34969.46735737379
CHN,IND,44869.44621356837
CHN,IRL,3470.932992349468
CHN,ITA,28865.14366760929
CHN,JPN,172861.1170285367
CHN,KOR,101923.9884524787
CHN,LTU,946.8744712464566
CHN,LUX,911.3527599778171
CHN,LVA,653.8088216484159
CHN,MEX,38329.64627037317
CHN,NLD,42640.36861409787
CHN,NOR,4562.58263381033
CHN,POL,14316.2573028141
CHN,PRT,2251.282501956492
CHN,ROU,2613.50057354644
CHN,ROW,1039562.976664006
CHN,RUS,65197.72883938807
CHN,SVK,2001.544771858024
CHN,SVN,1369.127842275064
CHN,SWE,11172.94685145367
CHN,TUR,23148.96248262642
CHN,TWN,43622.03434882843
CHN,USA,347311.1062227525
CZE,AUS,590.4006455146856
CZE,AUT,7205.309198699547
CZE,BEL,4798.895610449297
CZE,BGR,842.2344835715789
CZE,BRA,463.536345940406
CZE,CAN,419.9048734589608
CZE,CHE,2469.573514603815
CZE,CHN,3101.906320031791
CZE,CZE,331202.091719077
CZE,DEU,46695.80127521086
CZE,DNK,1702.422036619217
CZE,ESP,3863.323364722057
CZE,EST,214.3912485862182
CZE,FIN,970.1852108756822
CZE,FRA,7592.290255776464
CZE,GBR,6824.767077449376
CZE,GRC,303.8726033513616
CZE,HRV,499.4098793321643
CZE,HUN,4732.268976444429
CZE,IDN,202.8934590484532
CZE,IND,427.1166236264934
CZE,IRL,682.5592388876133
CZE,ITA,5761.564538932807
CZE,JPN,682.2374691501504
CZE,KOR,683.7693296629666
CZE,LTU,459.7275765609877
CZE,LUX,277.6943558335764
CZE,LVA,181.5340543959502
CZE,MEX,727.0515960406971
CZE,NLD,3385.141179387663
CZE,NOR,818.3318490753703
CZE,POL,9415.19947843951
CZE,PRT,484.1143887726982
CZE,ROU,1677.79292214266
CZE,ROW,15915.36657190859
CZE,RUS,6139.17388062207
CZE,SVK,11188.92954386134
CZE,SVN,676.3933669498533
CZE,SWE,2397.355822790452
CZE,TUR,2167.84481754939
CZE,TWN,145.0841419689025
CZE,USA,3789.543764323128
DEU,AUS,12142.80082737586
DEU,AUT,77550.78952280714
DEU,BEL,41917.78531999185
DEU,BGR,4149.757853093384
DEU,BRA,17775.47516548349
DEU,CAN,17148.24076152625
DEU,CHE,63954.7396608478
DEU,CHN,122900.2853554316
DEU,CZE,42855.07404004106
DEU,DEU,5388510.256616368
DEU,DNK,24165.08453602639
DEU,ESP,50542.04249754734
DEU,EST,2139.23852614122
DEU,FIN,15078.00372796526
DEU,FRA,133787.9398236772
DEU,GBR,103347.4814750561
DEU,GRC,7709.973169711572
DEU,HRV,3231.402812258696
DEU,HUN,27182.84829802435
DEU,IDN,4214.989070876833
DEU,IND,13025.17866417907
DEU,IRL,9475.20273745823
DEU,ITA,84739.96569762024
DEU,JPN,24756.92765289902
DEU,KOR,25415.25059169
DEU,LTU,2752.202843623256
DEU,LUX,10284.42164039949
DEU,LVA,1396.027442859496
DEU,MEX,14848.97395199648
DEU,NLD,72853.24497537455
DEU,NOR,12835.17387470033
DEU,POL,61603.58135622253
DEU,PRT,9998.345059866815
DEU,ROU,13070.9985215557
DEU,ROW,277357.647043372
DEU,RUS,49265.04813546779
DEU,SVK,14645.03705677318
DEU,SVN,4664.439912691528
DEU,SWE,32583.6858303712
DEU,TUR,28860.02614684069
DEU,TWN,10385.449463577
DEU,USA,135642.0886546584
DNK,AUS,1273.100207706831
DNK,AUT,798.4579800543509
DNK,BEL,2069.51129267033
DNK,BGR,202.4696138558153
DNK,BRA,1113.706903533179
DNK,CAN,1516.19035981112
DNK,CHE,1517.505768142687
DNK,CHN,7624.81942877136
DNK,CZE,796.815623947572
DNK,DEU,19204.90602279036
DNK,DNK,444477.3784518908
DNK,ESP,2342.045266887418
DNK,EST,274.490767923437
DNK,FIN,4046.946542454853
DNK,FRA,4525.664625350662
DNK,GBR,10686.28021136642
DNK,GRC,626.4312550963267
DNK,HRV,131.6830404753029
DNK,HUN,1881.850635436145
DNK,IDN,366.6632803864944
DNK,IND,1211.663248490462
DNK,IRL,780.9203503951001
DNK,ITA,2703.82600515345
DNK,JPN,3461.407661658007
DNK,KOR,1315.262361391117
DNK,LTU,402.2253636400221
DNK,LUX,302.8312832188391
DNK,LVA,329.1716948239104
DNK,MEX,613.1437512145396
DNK,NLD,3522.000370394392
DNK,NOR,9093.511169727968
DNK,POL,3053.425290895263
DNK,PRT,405.1415184385413
DNK,ROU,427.8198226454918
DNK,ROW,53678.33110447173
DNK,RUS,2092.038207747112
DNK,SVK,275.5218266405101
DNK,SVN,110.330872422005
DNK,SWE,15882.46885331445
DNK,TUR,1426.587249151164
DNK,TWN,487.2990679968631
DNK,USA,7718.453972660164
ESP,AUS,2495.886948336404
ESP,AUT,2802.403818916241
ESP,BEL,8051.845537135035
ESP,BGR,2907.64711387827
ESP,BRA,5157.273615381068
ESP,CAN,2868.869624056011
ESP,CHE,5278.506165890778
ESP,CHN,5883.810565204015
ESP,CZE,2461.553003892363
ESP,DEU,36647.29024674295
ESP,DNK,2102.835582305273
ESP,ESP,2178900.174122789
ESP,EST,168.750672546846
ESP,FIN,1395.070162867242
ESP,FRA,52167.92551702716
ESP,GBR,21497.59952770681
ESP,GRC,3123.269151017557
ESP,HRV,311.0956581292649
ESP,HUN,1476.728967820642
ESP,IDN,565.5348812852744
ESP,IND,1360.66967019735
ESP,IRL,1910.572507569449
ESP,ITA,24343.56019017396
ESP,JPN,3858.111697264657
ESP,KOR,3088.150983376808
ESP,LTU,495.1663206065444
ESP,LUX,651.0833662439429
ESP,LVA,199.0555232821111
ESP,MEX,5462.516840057756
ESP,NLD,8199.007359395377
ESP,NOR,1951.373146018251
ESP,POL,5438.791403968411
ESP,PRT,25045.29793343043
ESP,ROU,1612.464343130849
ESP,ROW,110257.7239867532
ESP,RUS,5283.142647931978
ESP,SVK,811.1625222799883
ESP,SVN,739.704045553574
ESP,SWE,3048.445921753152
ESP,TUR,7763.123590890009
ESP,TWN,3107.130492988987
ESP,USA,17015.15062420077
EST,AUS,140.4496872945632
EST,AUT,118.3692847006355
EST,BEL,237.7817321600793
EST,BGR,37.62034123394771
EST,BRA,42.23067936435307
EST,CAN,66.64048120713669
EST,CHE,225.454443749105
EST,CHN,177.7298211125319
EST,CZE,48.93668905142074
EST,DEU,848.3419922193557
EST,DNK,400.0306739233823
EST,ESP,248.6581944760619
EST,EST,36253.67714889612
EST,FIN,2282.718670845779
EST,FRA,256.7021575714498
EST,GBR,457.5466058223533
EST,GRC,27.75700309631156
EST,HRV,5.48491626996064
EST,HUN,49.65291763849248
EST,IDN,2.092347999359841
EST,IND,58.27966006560492
EST,IRL,57.77211050675655
EST,ITA,157.2480188236188
EST,JPN,125.7980501846571
EST,KOR,107.8382420669317
EST,LTU,614.1897254971835
EST,LUX,55.30193865050474
EST,LVA,1035.12878981421
EST,MEX,69.62629152764295
EST,NLD,266.7528829257524
EST,NOR,908.923314044323
EST,POL,258.7731994400371
EST,PRT,28.27226895482185
EST,ROU,24.60437442599113
EST,ROW,3383.618361346638
EST,RUS,1880.923257609144
EST,SVK,31.33985945802862
EST,SVN,12.91717930967492
EST,SWE,3021.807556484601
EST,TUR,55.00076793721457
EST,TWN,8.686806025160802
EST,USA,429.2013803203328
FIN,AUS,849.5865116514149
FIN,AUT,767.7841101827263
FIN,BEL,2347.153205071446
FIN,BGR,71.23542735526958
FIN,BRA,714.4732732483567
FIN,CAN,1526.441390672009
FIN,CHE,1251.155027343683
FIN,CHN,4839.966357981473
FIN,CZE,391.021119982701
FIN,DEU,10702.03183848894
FIN,DNK,1825.440726770601
FIN,ESP,1383.572756405816
FIN,EST,1940.117018088645
FIN,FIN,413204.6135019271
FIN,FRA,2621.125956004505
FIN,GBR,4287.934863000546
FIN,GRC,189.9377902568078
FIN,HRV,48.67098220061573
FIN,HUN,331.7347745840347
FIN,IDN,745.6805592238344
FIN,IND,565.0806182714542
FIN,IRL,1234.957223256026
FIN,ITA,2071.441804392196
FIN,JPN,1882.467911206789
FIN,KOR,1993.042071686135
FIN,LTU,495.0774849125518
FIN,LUX,104.9003036068117
FIN,LVA,767.9688217386889
FIN,MEX,574.1079446991316
FIN,NLD,3949.238332967891
FIN,NOR,2653.782025510096
FIN,POL,1951.724231199728
FIN,PRT,157.4142705976917
FIN,ROU,192.1700092281528
FIN,ROW,18744.2089745441
FIN,RUS,5761.081301942322
FIN,SVK,146.8559228525124
FIN,SVN,60.53906386424153
FIN,SWE,11712.99075978262
FIN,TUR,1240.046241056713
FIN,TWN,204.119648445523
FIN,USA,7165.18016814606
FRA,AUS,4665.944289477025
FRA,AUT,5351.660361627311
FRA,BEL,38276.18757946304
FRA,BGR,1142.871981788502
FRA,BRA,8791.630380471795
FRA,CAN,7370.903844005545
FRA,CHE,17659.41609652792
FRA,CHN,30153.39906079491
FRA,CZE,5344.889569585329
FRA,DEU,97351.59379796413
FRA,DNK,4969.116342548622
FRA,ESP,50790.35006606738
FRA,EST,353.9073905798924
FRA,FIN,2663.241624710281
FRA,FRA,4260544.256348921
FRA,GBR,60106.67797730707
FRA,GRC,3541.864340895375
FRA,HRV,509.0290619899354
FRA,HUN,4503.336374981349
FRA,IDN,2800.760602252087
FRA,IND,6241.486954972773
FRA,IRL,5654.109244092365
FRA,ITA,48672.38356926619
FRA,JPN,11412.67048788815
FRA,KOR,10243.56376830019
FRA,LTU,649.2782188985627
FRA,LUX,7360.403181308681
FRA,LVA,336.9226055173569
FRA,MEX,4184.638095121487
FRA,NLD,24858.81144851875
FRA,NOR,5482.746535990956
FRA,POL,10596.72640920218
FRA,PRT,6859.75770565991
FRA,ROU,4161.165067856689
FRA,ROW,180705.2998549448
FRA,RUS,11556.30937606594
FRA,SVK,3086.227430300211
FRA,SVN,983.1511946644563
FRA,SWE,8409.424317097531
FRA,TUR,9602.995064967394
FRA,TWN,2599.943679522833
FRA,USA,49649.61915344775
GBR,AUS,8989.804699579752
GBR,AUT,3485.621038465001
GBR,BEL,21044.77216304934
GBR,BGR,753.805299965827
GBR,BRA,5091.208590624757
GBR,CAN,17522.609772172
GBR,CHE,19448.52991562266
GBR,CHN,27405.20146213331
GBR,CZE,3060.097575712481
GBR,DEU,54146.97774131932
GBR,DNK,8100.880107630133
GBR,ESP,12958.93599256615
GBR,EST,475.678340963478
GBR,FIN,3784.10510237206
GBR,FRA,46573.37581586118
GBR,GBR,4531864.107923388
GBR,GRC,2627.050581544513
GBR,HRV,521.0510523847857
GBR,HUN,2121.612554298526
GBR,IDN,971.6476623865415
GBR,IND,7260.365491480165
GBR,IRL,34477.29073159703
GBR,ITA,21797.76812152797
GBR,JPN,9918.695228535837
GBR,KOR,9693.984727923345
GBR,LTU,544.3797998139
GBR,LUX,23757.29602123052
GBR,LVA,464.9017792366043
GBR,MEX,2784.308607760669
GBR,NLD,23602.42488593703
GBR,NOR,11425.60471509652
GBR,POL,7152.805587368509
GBR,PRT,3050.172097702854
GBR,ROU,1566.604676911621
GBR,ROW,233949.5327873876
GBR,RUS,14235.62670622919
GBR,SVK,809.6747212024698
GBR,SVN,421.3770318495464
GBR,SWE,11768.62348878146
GBR,TUR,6081.746740551254
GBR,TWN,2228.33083289015
GBR,USA,85559.14991700999
GRC,AUS,116.8472586097272
GRC,AUT,205.9257416437056
GRC,BEL,493.2507998333251
GRC,BGR,1283.807921951828
GRC,BRA,52.46378392612991
GRC,CAN,113.0069757939302
GRC,CHE,339.8068106507822
GRC,CHN,471.6944142301008
GRC,CZE,140.374946224383
GRC,DEU,1987.453256021746
GRC,DNK,161.8951312684738
GRC,ESP,598.4665350212764
GRC,EST,22.1275429404102
GRC,FIN,109.1315875762294
GRC,FRA,692.2379977007708
GRC,GBR,1778.913118418001
GRC,GRC,319005.7080229307
GRC,HRV,76.1108806741985
GRC,HUN,86.64733341460305
GRC,IDN,101.8805502866227
GRC,IND,288.3938749347075
GRC,IRL,52.15204413022869
GRC,ITA,2540.953263993502
GRC,JPN,203.1798770867116
GRC,KOR,439.521321389956
GRC,LTU,33.48775901684456
GRC,LUX,71.189303397659
GRC,LVA,8.253293922769592
GRC,MEX,101.3652746523432
GRC,NLD,369.9113975212378
GRC,NOR,54.48555504361128
GRC,POL,316.5323425885226
GRC,PRT,90.0172471327119
GRC,ROU,637.4996315025993
GRC,ROW,34023.42279924198
GRC,RUS,228.026760192205
GRC,SVK,63.28985726818296
GRC,SVN,83.62101164882799
GRC,SWE,243.2215216214877
GRC,TUR,6542.61754930752
GRC,TWN,131.7777991080572
GRC,USA,905.6305783275785
HRV,AUS,49.02846650274268
HRV,AUT,1267.012699453977
HRV,BEL,643.2931796731228
HRV,BGR,114.4791065245945
HRV,BRA,16.75779884801449
HRV,CAN,90.20350400853886
HRV,CHE,251.1672256630038
HRV,CHN,130.6385558419337
HRV,CZE,232.2533729470534
HRV,DEU,1859.695773109319
HRV,DNK,160.380437471435
HRV,ESP,219.0649639517853
HRV,EST,6.562411563353807
HRV,FIN,36.66891097646557
HRV,FRA,405.7474500334486
HRV,GBR,547.8598897944512
HRV,GRC,243.5937442369962
HRV,HRV,74150.35137740499
HRV,HUN,675.5034091551653
HRV,IDN,30.23653574564783
HRV,IND,16.22975349292945
HRV,IRL,59.2555933244867
HRV,ITA,2317.134164132314
HRV,JPN,73.39439085658874
HRV,KOR,19.35999601021888
HRV,LTU,14.43916772767021
HRV,LUX,54.42566876297365
HRV,LVA,13.73049702011897
HRV,MEX,34.81230261099111
HRV,NLD,215.6924093604965
HRV,NOR,183.789212368055
HRV,POL,255.9181028808788
HRV,PRT,49.78898775681362
HRV,ROU,147.615023701448
HRV,ROW,9917.242965001704
HRV,RUS,188.4698004072467
HRV,SVK,219.90190523732
HRV,SVN,1457.47093337592
HRV,SWE,291.2947906474975
HRV,TUR,130.3427277566761
HRV,TWN,7.71792125760993
HRV,USA,620.3796079301036
HUN,AUS,418.2881211173057
HUN,AUT,6197.631396930214
HUN,BEL,1850.605919649016
HUN,BGR,1049.671323814929
HUN,BRA,440.0929130730255
HUN,CAN,467.8066200032347
HUN,CHE,1404.697117560715
HUN,CHN,2493.096500784754
HUN,CZE,3667.039642309013
HUN,DEU,29961.96184356628
HUN,DNK,947.4532591248334
HUN,ESP,2903.84361977352
HUN,EST,224.4574608974856
HUN,FIN,526.3497487701121
HUN,FRA,4871.828883853081
HUN,GBR,4520.898966656695
HUN,GRC,408.6937005133894
HUN,HRV,1128.556778898345
HUN,HUN,167990.6362476766
HUN,IDN,51.04323087259433
HUN,IND,190.1161204199262
HUN,IRL,647.7210198269053
HUN,ITA,6024.9168594317
HUN,JPN,842.421035965446
HUN,KOR,654.2794472375506
HUN,LTU,231.2712289571773
HUN,LUX,354.7581969282314
HUN,LVA,158.723032463175
HUN,MEX,784.1843783504588
HUN,NLD,2538.036453610868
HUN,NOR,405.7452632510262
HUN,POL,4139.29824231199
HUN,PRT,330.3878813367048
HUN,ROU,5872.467916850373
HUN,ROW,14549.93518492269
HUN,RUS,1855.832426120083
HUN,SVK,4026.022912155349
HUN,SVN,890.4848480862753
HUN,SWE,1588.601546735747
HUN,TUR,1738.568902084388
HUN,TWN,148.561239816878
HUN,USA,4944.885534031236
IDN,AUS,6340.304260943951
IDN,AUT,145.7696703529135
IDN,BEL,705.978050980588
IDN,BGR,66.37774318717898
IDN,BRA,2737.982786338324
IDN,CAN,1607.320583774783
IDN,CHE,169.9054962820935
IDN,CHN,20986.82016430139
IDN,CZE,136.9136129752057
IDN,DEU,4077.237032304265
IDN,DNK,291.3682124942374
IDN,ESP,2092.77170275577
IDN,EST,70.19905242012014
IDN,FIN,163.5489833176309
IDN,FRA,1721.906557246623
IDN,GBR,2055.712468367912
IDN,GRC,187.6496512283786
IDN,HRV,21.24528618454121
IDN,HUN,127.9838270918402
IDN,IDN,1503743.763403698
IDN,IND,8002.839256888015
IDN,IRL,155.8508080549455
IDN,ITA,2370.489013166376
IDN,JPN,25364.94721830436
IDN,KOR,10661.13736110164
IDN,LTU,31.57524912196701
IDN,LUX,13.45590055902136
IDN,LVA,28.52883719530244
IDN,MEX,1377.248364579797
IDN,NLD,3682.915751995124
IDN,NOR,148.9622650653114
IDN,POL,571.2755687649969
IDN,PRT,168.6878482682643
IDN,ROU,96.69467829354438
IDN,ROW,83895.28241001906
IDN,RUS,967.9308825313316
IDN,SVK,37.21303968318352
IDN,SVN,89.25758316677174
IDN,SWE,213.1371246571852
IDN,TUR,2016.135191175897
IDN,TWN,7493.013615151576
IDN,USA,19505.7337817382
IND,AUS,2703.494445989906
IND,AUT,617.2406321251889
IND,BEL,2721.058524701462
IND,BGR,193.9954362761451
IND,BRA,7085.471514493082
IND,CAN,2649.761658163901
IND,CHE,1055.820001325109
IND,CHN,17736.6209168527
IND,CZE,457.618230734121
IND,DEU,8637.683659750308
IND,DNK,1152.494496595825
IND,ESP,2983.383874571418
IND,EST,60.56336157790476
IND,FIN,1045.915329850949
IND,FRA,6632.669503681223
IND,GBR,12221.4271735748
IND,GRC,416.1655468655703
IND,HRV,134.6710429874425
IND,HUN,275.9273399324275
IND,IDN,4171.847059697917
IND,IND,3614236.973011055
IND,IRL,404.8220044483381
IND,ITA,4883.104385816126
IND,JPN,5644.394819152615
IND,KOR,5225.807697547194
IND,LTU,72.13723625649209
IND,LUX,17.32354421441778
IND,LVA,52.30313937758465
IND,MEX,3636.832116392085
IND,NLD,3904.820436476522
IND,NOR,500.1550297005436
IND,POL,1192.252451918301
IND,PRT,578.3736050547006
IND,ROU,241.9333537131981
IND,ROW,219036.9844073169
IND,RUS,2098.141491155483
IND,SVK,143.6262655956727
IND,SVN,141.0214914481749
IND,SWE,1589.364798723016
IND,TUR,7432.738066829632
IND,TWN,3159.76037905476
IND,USA,36546.80473735182
IRL,AUS,1820.664915637901
IRL,AUT,1232.371944942152
IRL,BEL,7053.215483012469
IRL,BGR,178.376700870594
IRL,BRA,1278.600565828874
IRL,CAN,2696.318607510772
IRL,CHE,10285.40512650322
IRL,CHN,5842.80444427058
IRL,CZE,886.7160343054423
IRL,DEU,15168.51339452775
IRL,DNK,2376.653647152713
IRL,ESP,5070.772014821992
IRL,EST,68.05701579047296
IRL,FIN,1134.892684517195
IRL,FRA,10431.29946990689
IRL,GBR,37294.92587841237
IRL,GRC,773.4079393987153
IRL,HRV,79.73266049997065
IRL,HUN,693.083601626657
IRL,IDN,137.4141801866211
IRL,IND,508.7792330565794
IRL,IRL,248858.4793053546
IRL,ITA,7802.96294698045
IRL,JPN,2470.419111540768
IRL,KOR,1715.028826085221
IRL,LTU,75.28858504438088
IRL,LUX,3306.987685586675
IRL,LVA,159.7308009993357
IRL,MEX,1736.155743205668
IRL,NLD,7669.382147618458
IRL,NOR,1412.339650778136
IRL,POL,2158.033552605714
IRL,PRT,1042.730271519679
IRL,ROU,453.8479271113596
IRL,ROW,88568.64340875622
IRL,RUS,1977.983493239502
IRL,SVK,158.1725254752388
IRL,SVN,85.03055012288667
IRL,SWE,3935.236186352522
IRL,TUR,540.2887515593274
IRL,TWN,511.1704702636303
IRL,USA,31959.71185375656
ITA,AUS,5643.11456998799
ITA,AUT,11193.5191697598
ITA,BEL,10410.191949747
ITA,BGR,2225.52364817348
ITA,BRA,7566.237376158468
ITA,CAN,6682.239328245713
ITA,CHE,24098.32236625032
ITA,CHN,18456.16922455901
ITA,CZE,5688.883093613168
ITA,DEU,76512.05831347145
ITA,DNK,4217.800794283579
ITA,ESP,25622.32656168834
ITA,EST,479.6940128272797
ITA,FIN,2379.050708500389
ITA,FRA,62636.78689336475
ITA,GBR,33780.256830978
ITA,GRC,5956.966930366762
ITA,HRV,2922.286065368785
ITA,HUN,4681.633751359946
ITA,IDN,1709.478451510216
ITA,IND,3792.806412431117
ITA,IRL,3523.89998294864
ITA,ITA,3486816.884884847
ITA,JPN,8512.556475327883
ITA,KOR,7274.681019514892
ITA,LTU,949.941928540063
ITA,LUX,2763.795280304161
ITA,LVA,501.4305838899105
ITA,MEX,5663.055193195034
ITA,NLD,9829.235532788336
ITA,NOR,2629.891885337989
ITA,POL,13243.21692422793
ITA,PRT,3950.18316271028
ITA,ROU,7488.786942144435
ITA,ROW,115206.3917146263
ITA,RUS,16788.13477982697
ITA,SVK,2869.038092578818
ITA,SVN,3782.054318445975
ITA,SWE,5944.347672902488
ITA,TUR,14347.26139726199
ITA,TWN,1629.788417485589
ITA,USA,45251.0237874336
JPN,AUS,14949.63572873831
JPN,AUT,1244.703485030003
JPN,BEL,3808.058667157454
JPN,BGR,83.70076359116908
JPN,BRA,5558.172906474294
JPN,CAN,11499.65590028787
JPN,CHE,2495.058726108584
JPN,CHN,129230.0298610068
JPN,CZE,1396.342512775709
JPN,DEU,20382.81921589581
JPN,DNK,512.0908320884496
JPN,ESP,2793.761883862796
JPN,EST,128.4530858285634
JPN,FIN,545.5498407702479
JPN,FRA,6977.817805892439
JPN,GBR,9646.60499551258
JPN,GRC,240.9920824331296
JPN,HRV,27.48348232696613
JPN,HUN,1145.916753327569
JPN,IDN,16155.14116994556
JPN,IND,8031.353734356769
JPN,IRL,2485.244847035292
JPN,ITA,3134.96834810593
JPN,JPN,7852270.21539035
JPN,KOR,56449.3717487315
JPN,LTU,33.42865509259325
JPN,LUX,324.9123984072854
JPN,LVA,24.73830035053093
JPN,MEX,14993.03672108164
JPN,NLD,7892.546183650105
JPN,NOR,1476.367759364474
JPN,POL,2016.676554270349
JPN,PRT,342.4718256418271
JPN,ROU,233.4146387946043
JPN,ROW,306221.0007537638
JPN,RUS,14597.24064053311
JPN,SVK,366.5267774457274
JPN,SVN,101.4376612260378
JPN,SWE,1523.957798135544
JPN,TUR,2586.963875822551
JPN,TWN,44808.57039675771
JPN,USA,121143.6437500684
KOR,AUS,11378.87895933044
KOR,AUT,1077.089847266305
KOR,BEL,1791.565051739481
KOR,BGR,126.0086484475002
KOR,BRA,12166.67606845685
KOR,CAN,7366.260938628872
KOR,CHE,707.4601239427285
KOR,CHN,168773.3797622994
KOR,CZE,2147.741114356245
KOR,DEU,9916.885384093792
KOR,DNK,1769.847725134853
KOR,ESP,2435.494234002369
KOR,EST,114.3164480402942
KOR,FIN,575.1137392473795
KOR,FRA,4315.937674451297
KOR,GBR,7847.720183588849
KOR,GRC,2961.722788253862
KOR,HRV,115.3593098383402
KOR,HUN,1909.954787617512
KOR,IDN,13489.01277131975
KOR,IND,12064.57678637896
KOR,IRL,787.4268362167135
KOR,ITA,3787.571896894524
KOR,JPN,44234.63743074831
KOR,KOR,2707497.141835671
KOR,LTU,172.0774816541283
KOR,LUX,1051.583485008337
KOR,LVA,64.30782099225681
KOR,MEX,14042.81680650413
KOR,NLD,4139.477704672103
KOR,NOR,2428.148240598236
KOR,POL,4772.017912769452
KOR,PRT,431.9000950828627
KOR,ROU,576.0347481444364
KOR,ROW,226871.3798098923
KOR,RUS,15052.12568197167
KOR,SVK,3991.248251247753
KOR,SVN,915.887787029224
KOR,SWE,1085.601367604904
KOR,TUR,9521.287543772432
KOR,TWN,22617.17285583785
KOR,USA,78341.35488561775
LTU,AUS,64.16506409526919
LTU,AUT,286.1646396215122
LTU,BEL,560.3337706646685
LTU,BGR,39.46839908861499
LTU,BRA,15.21239068322502
LTU,CAN,239.8733000989554
LTU,CHE,150.7283075903946
LTU,CHN,159.6796219302518
LTU,CZE,200.078330632601
LTU,DEU,2497.464397611803
LTU,DNK,909.0804114874551
LTU,ESP,273.3725232911715
LTU,EST,896.6522660219646
LTU,FIN,374.017829902864
LTU,FRA,1034.029968072275
LTU,GBR,1266.245351649713
LTU,GRC,32.38330730261538
LTU,HRV,9.002381095850831
LTU,HUN,162.0829841868063
LTU,IDN,6.612440408656123
LTU,IND,65.51102474715303
LTU,IRL,82.78755019822646
LTU,ITA,596.7791438655992
LTU,JPN,52.76043513170512
LTU,KOR,35.9429809946049
LTU,LTU,53468.15721275753
LTU,LUX,17.03655672686118
LTU,LVA,1957.785279814158
LTU,MEX,19.03478830473871
LTU,NLD,1102.702218474492
LTU,NOR,906.7940403496771
LTU,POL,1719.309292671845
LTU,PRT,74.00205586352537
LTU,ROU,54.33878075887557
LTU,ROW,11293.44658547574
LTU,RUS,2710.782989508629
LTU,SVK,69.15191949805522
LTU,SVN,102.019309573678
LTU,SWE,1018.416975071961
LTU,TUR,109.2937543539293
LTU,TWN,11.12547293655251
LTU,USA,1546.856448848444
LUX,AUS,74.81141952809848
LUX,AUT,1964.177497324534
LUX,BEL,6937.643277410822
LUX,BGR,171.2610247283491
LUX,BRA,41.00779684388318
LUX,CAN,216.39498972701
LUX,CHE,5806.508018608766
LUX,CHN,548.9366410426248
LUX,CZE,582.2975318246918
LUX,DEU,11550.43524457811
LUX,DNK,681.8390991321204
LUX,ESP,1144.09176802541
LUX,EST,93.62412496830797
LUX,FIN,390.8648967233088
LUX,FRA,5447.677628343545
LUX,GBR,3208.907337388662
LUX,GRC,877.7997032208531
LUX,HRV,44.16272320766394
LUX,HUN,482.0522120736762
LUX,IDN,5.68674232636868
LUX,IND,19.80083317707289
LUX,IRL,3799.541951150563
LUX,ITA,5413.202699531501
LUX,JPN,642.3022893594266
LUX,KOR,38.08016397938061
LUX,LTU,37.70002638925641
LUX,LUX,93532.82942152704
LUX,LVA,110.4972964940304
LUX,MEX,42.16629838441976
LUX,NLD,3970.361924945837
LUX,NOR,591.8013467502799
LUX,POL,673.9916223105422
LUX,PRT,599.1136760080458
LUX,ROU,161.8261863976618
LUX,ROW,58533.4790593865
LUX,RUS,882.5271781989885
LUX,SVK,138.5829024391701
LUX,SVN,106.1200370242478
LUX,SWE,1725.729200181878
LUX,TUR,104.6148527340862
LUX,TWN,320.6334115701684
LUX,USA,257.1441063350047
LVA,AUS,12.08457181565313
LVA,AUT,148.7135230061224
LVA,BEL,207.1532780777489
LVA,BGR,18.19374962807815
LVA,BRA,4.206783744927734
LVA,CAN,49.55778714372581
LVA,CHE,490.2426129962079
LVA,CHN,94.68137414940381
LVA,CZE,86.72328008512689
LVA,DEU,882.8399830778045
LVA,DNK,502.4048941602902
LVA,ESP,237.1319762367889
LVA,EST,1036.915444587569
LVA,FIN,296.9067646883223
LVA,FRA,348.9553975330226
LVA,GBR,668.8923048567109
LVA,GRC,38.69596576013183
LVA,HRV,3.705893916196817
LVA,HUN,44.04720006672823
LVA,IDN,.8694419340261323
LVA,IND,15.56362367232501
LVA,IRL,74.05992706624831
LVA,ITA,180.4029755625323
LVA,JPN,44.288057126698
LVA,KOR,57.51700010671394
LVA,LTU,1234.515884088958
LVA,LUX,17.58448624627119
LVA,LVA,50195.37608564753
LVA,MEX,7.245241794333968
LVA,NLD,280.7640395198404
LVA,NOR,456.0298008705832
LVA,POL,393.3765043464946
LVA,PRT,13.39891505748898
LVA,ROU,18.35779652709553
LVA,ROW,4339.737805409288
LVA,RUS,1228.319954581274
LVA,SVK,39.69850275572856
LVA,SVN,40.47929247298603
LVA,SWE,829.974603403334
LVA,TUR,62.22959062229594
LVA,TWN,3.780706005168261
LVA,USA,208.6257248277709
MEX,AUS,1641.749241631215
MEX,AUT,204.6181321014199
MEX,BEL,1216.0624816223
MEX,BGR,13.31004994849885
MEX,BRA,5336.11798349026
MEX,CAN,19757.22463267564
MEX,CHE,1097.94352018131
MEX,CHN,7395.223614705313
MEX,CZE,353.7969579094431
MEX,DEU,4139.34011674049
MEX,DNK,187.533883623165
MEX,ESP,6553.533385642149
MEX,EST,13.58655654788759
MEX,FIN,122.3371612859455
MEX,FRA,2103.915184607171
MEX,GBR,2094.349858335896
MEX,GRC,29.74624502523668
MEX,HRV,5.328603815767624
MEX,HUN,192.6652375580264
MEX,IDN,179.0044222440312
MEX,IND,2647.235506436095
MEX,IRL,470.4103726932886
MEX,ITA,1442.358548527929
MEX,JPN,4481.033315052316
MEX,KOR,2902.947369345124
MEX,LTU,75.28482955589405
MEX,LUX,32.45622080770881
MEX,LVA,22.91097318202468
MEX,MEX,1766666.928286652
MEX,NLD,993.0865252229001
MEX,NOR,146.4718408742216
MEX,POL,300.5844544462703
MEX,PRT,59.52353567189334
MEX,ROU,92.44481557968062
MEX,ROW,32672.75832985639
MEX,RUS,249.3285628270944
MEX,SVK,50.4494755164414
MEX,SVN,17.12006872911174
MEX,SWE,118.0653142571236
MEX,TUR,839.5935501857498
MEX,TWN,568.3016794789597
MEX,USA,267365.5090890021
NLD,AUS,3392.948345411456
NLD,AUT,4427.302988385381
NLD,BEL,48161.0361697099
NLD,BGR,637.3286353375632
NLD,BRA,4370.105918433384
NLD,CAN,2938.839562388679
NLD,CHE,7618.290632570465
NLD,CHN,14187.93996210593
NLD,CZE,4129.428051495252
NLD,DEU,147467.3912407509
NLD,DNK,5730.365666376006
NLD,ESP,11474.2980765232
NLD,EST,623.5716843834456
NLD,FIN,4210.480328985201
NLD,FRA,43092.13949837611
NLD,GBR,43525.29696707102
NLD,GRC,2144.191252996215
NLD,HRV,483.1524295854867
NLD,HUN,2869.502936478583
NLD,IDN,1095.369330887589
NLD,IND,2466.415523371208
NLD,IRL,13086.12157098966
NLD,ITA,28790.26932527309
NLD,JPN,3208.868610988152
NLD,KOR,3130.913101609812
NLD,LTU,800.7700072777383
NLD,LUX,1491.341313483617
NLD,LVA,438.9897233035197
NLD,MEX,1845.070547756965
NLD,NLD,1096109.658565594
NLD,NOR,4719.138137147798
NLD,POL,7249.230212794406
NLD,PRT,2416.895448427465
NLD,ROU,1619.863738643145
NLD,ROW,102358.1431379081
NLD,RUS,6273.531896104288
NLD,SVK,1166.876323460982
NLD,SVN,530.4964120152325
NLD,SWE,8343.56140013502
NLD,TUR,3746.745661344842
NLD,TWN,2239.428981317709
NLD,USA,26616.61846655853
NOR,AUS,522.6181685434435
NOR,AUT,396.5954362425131
NOR,BEL,4457.501590325232
NOR,BGR,42.74494485712063
NOR,BRA,3724.663136068338
NOR,CAN,2327.483914483947
NOR,CHE,402.089178050906
NOR,CHN,4572.708939462374
NOR,CZE,205.6016763910472
NOR,DEU,20158.30915675508
NOR,DNK,7032.551261642675
NOR,ESP,4737.46902602742
NOR,EST,223.0639394689522
NOR,FIN,3182.189410448188
NOR,FRA,12246.25091721189
NOR,GBR,25676.25620379649
NOR,GRC,273.0820662847549
NOR,HRV,56.3208741801312
NOR,HUN,122.7868118954607
NOR,IDN,211.6558977881354
NOR,IND,429.8694957395821
NOR,IRL,1222.827990067476
NOR,ITA,1716.1603910406
NOR,JPN,2252.075449123058
NOR,KOR,3355.032470496545
NOR,LTU,799.1949238617343
NOR,LUX,534.9060635474696
NOR,LVA,160.3815404191926
NOR,MEX,235.3316282189007
NOR,NLD,4142.299036322824
NOR,NOR,649472.480223108
NOR,POL,3113.895215140232
NOR,PRT,255.4075316855315
NOR,ROU,164.5917664408973
NOR,ROW,55505.49526533952
NOR,RUS,3129.904066040478
NOR,SVK,30.72982390036529
NOR,SVN,21.21961405813921
NOR,SWE,12312.41990893583
NOR,TUR,1089.653859053779
NOR,TWN,387.8000168175165
NOR,USA,6699.511306235631
POL,AUS,812.7106244151393
POL,AUT,5136.148063781578
POL,BEL,6576.868177023495
POL,BGR,1065.701645991205
POL,BRA,701.7657810222631
POL,CAN,1760.216700809059
POL,CHE,3611.562864768903
POL,CHN,3183.276496044775
POL,CZE,13351.02885992968
POL,DEU,63311.91917725749
POL,DNK,4624.790690662664
POL,ESP,6423.592176869671
POL,EST,1623.025521195817
POL,FIN,2281.032045811063
POL,FRA,13657.06325491711
POL,GBR,14175.7805295522
POL,GRC,858.26014971599
POL,HRV,553.0649837149518
POL,HUN,5703.679438958064
POL,IDN,193.8960570133815
POL,IND,469.6743222989238
POL,IRL,1339.507613468145
POL,ITA,11273.96226902804
POL,JPN,1022.507230356097
POL,KOR,1314.113377626794
POL,LTU,3004.807992796197
POL,LUX,573.6568886637325
POL,LVA,1507.645877357922
POL,MEX,826.9499723599489
POL,NLD,8285.975231280734
POL,NOR,3486.328317553401
POL,POL,853802.297604925
POL,PRT,758.7855336423484
POL,ROU,3568.561633949728
POL,ROW,31998.39099870873
POL,RUS,9608.154178053512
POL,SVK,5470.661871086498
POL,SVN,776.2301086725028
POL,SWE,7387.151636538691
POL,TUR,3836.79638315471
POL,TWN,250.5028620014112
POL,USA,5275.825500958076
PRT,AUS,191.148833185198
PRT,AUT,582.6863190446905
PRT,BEL,2069.09387739263
PRT,BGR,88.13399183789862
PRT,BRA,1997.906775772424
PRT,CAN,467.949324797515
PRT,CHE,890.0809657990943
PRT,CHN,990.7833932262033
PRT,CZE,351.4178881112564
PRT,DEU,5607.276195160446
PRT,DNK,317.8095447305158
PRT,ESP,12236.0317879115
PRT,EST,28.46903172775321
PRT,FIN,263.6102993498521
PRT,FRA,6541.93459671135
PRT,GBR,3805.352586085179
PRT,GRC,217.9115393496708
PRT,HRV,20.48636952650046
PRT,HUN,247.9773183446572
PRT,IDN,67.24126358676521
PRT,IND,80.42026995989293
PRT,IRL,383.3130911737338
PRT,ITA,2250.982227917239
PRT,JPN,204.2266283681761
PRT,KOR,150.6319293443169
PRT,LTU,33.09852105643465
PRT,LUX,118.7004101047918
PRT,LVA,15.3508832934019
PRT,MEX,366.9423130914867
PRT,NLD,1516.328480049337
PRT,NOR,389.5759206574922
PRT,POL,513.0683521814543
PRT,PRT,337647.9318366645
PRT,ROU,232.3915599218842
PRT,ROW,28385.58038076867
PRT,RUS,328.0352681235551
PRT,SVK,113.795662163887
PRT,SVN,43.26809314226022
PRT,SWE,637.0470333087278
PRT,TUR,630.2154910443123
PRT,TWN,131.6995299596871
PRT,USA,3124.987902841032
ROU,AUS,84.33038530337058
ROU,AUT,3386.768916263806
ROU,BEL,2422.743973255838
ROU,BGR,1678.451060886229
ROU,BRA,275.3269573169344
ROU,CAN,393.3746186480601
ROU,CHE,958.065805384139
ROU,CHN,851.4864322752351
ROU,CZE,956.249370373697
ROU,DEU,11997.27959047075
ROU,DNK,447.5419530701903
ROU,ESP,1750.222945741587
ROU,EST,100.09153738593
ROU,FIN,187.2802012658045
ROU,FRA,4898.709944104398
ROU,GBR,2160.206224960244
ROU,GRC,722.8925949651373
ROU,HRV,172.4960078183951
ROU,HUN,2652.857510919352
ROU,IDN,24.51745356755998
ROU,IND,212.5052241905186
ROU,IRL,274.9950028806035
ROU,ITA,7848.022762895954
ROU,JPN,280.0219697741001
ROU,KOR,399.1384867690048
ROU,LTU,56.04882218294747
ROU,LUX,746.7681336918905
ROU,LVA,20.24687743021725
ROU,MEX,187.8317235838355
ROU,NLD,1590.741909887272
ROU,NOR,313.2872996807322
ROU,POL,1404.8215635048
ROU,PRT,170.5581710263221
ROU,ROU,320632.356847021
ROU,ROW,20763.28796168086
ROU,RUS,1025.344604020636
ROU,SVK,711.9962329253784
ROU,SVN,255.8645292397908
ROU,SWE,915.9325132362179
ROU,TUR,2369.809658964346
ROU,TWN,42.44118329087431
ROU,USA,1937.179606291312
ROW,AUS,111103.9883519677
ROW,AUT,18714.39418865956
ROW,BEL,56021.80028941701
ROW,BGR,6988.8173867614
ROW,BRA,123922.4023032492
ROW,CAN,64881.03950856933
ROW,CHE,33864.01408578741
ROW,CHN,804254.2645513647
ROW,CZE,12395.59215063768
ROW,DEU,127779.9182172687
ROW,DNK,25129.31762041627
ROW,ESP,94911.0696205369
ROW,EST,1968.315930890823
ROW,FIN,8269.566855744326
ROW,FRA,117701.8160281777
ROW,GBR,117705.459972014
ROW,GRC,22877.6392866546
ROW,HRV,4156.122471486858
ROW,HUN,12745.85818565848
ROW,IDN,95115.25337111004
ROW,IND,208539.3821540837
ROW,IRL,49406.60676019235
ROW,ITA,95875.29049472242
ROW,JPN,366672.9558950061
ROW,KOR,215365.3903835437
ROW,LTU,7694.283164231119
ROW,LUX,10278.46276348712
ROW,LVA,1765.231243499436
ROW,MEX,43764.26293708795
ROW,NLD,74585.75849576501
ROW,NOR,13546.0759228003
ROW,POL,19147.75501096821
ROW,PRT,14835.37823276704
ROW,ROU,12809.80876813736
ROW,ROW,21870744.83105366
ROW,RUS,84408.62081339673
ROW,SVK,12567.28588011298
ROW,SVN,3808.576619428631
ROW,SWE,15676.56713660691
ROW,TUR,54634.36157436074
ROW,TWN,109569.2111959275
ROW,USA,569792.3093456718
RUS,AUS,1053.830609274845
RUS,AUT,5395.955779579068
RUS,BEL,5636.957815959788
RUS,BGR,822.8259193210984
RUS,BRA,1875.374155307722
RUS,CAN,3509.048942449444
RUS,CHE,8161.842816765655
RUS,CHN,31123.00556935174
RUS,CZE,5335.719467427504
RUS,DEU,30034.05631973845
RUS,DNK,1101.714772932247
RUS,ESP,4549.028312147208
RUS,EST,827.8189365029062
RUS,FIN,6530.684417783097
RUS,FRA,7211.146986257497
RUS,GBR,9321.287555848747
RUS,GRC,1438.592832191618
RUS,HRV,810.6988646898071
RUS,HUN,1352.247647847134
RUS,IDN,1191.713604381662
RUS,IND,3490.956394349548
RUS,IRL,1793.012324939835
RUS,ITA,13168.76401777215
RUS,JPN,22710.71633695973
RUS,KOR,8194.976118475608
RUS,LTU,4632.714438573082
RUS,LUX,656.6611943939041
RUS,LVA,1276.30458066564
RUS,MEX,500.7320106806239
RUS,NLD,3497.161348100623
RUS,NOR,1232.490799646123
RUS,POL,19870.03328620424
RUS,PRT,392.1850028819915
RUS,ROU,3559.318916161963
RUS,ROW,249357.9739313052
RUS,RUS,2887290.27524543
RUS,SVK,2135.613358833355
RUS,SVN,225.4359961593931
RUS,SWE,5558.276984799013
RUS,TUR,9415.795638277556
RUS,TWN,85.36591192850324
RUS,USA,14751.05224260126
SVK,AUS,534.7076431105645
SVK,AUT,4464.52999223615
SVK,BEL,1257.015563833567
SVK,BGR,318.1235462681638
SVK,BRA,131.9894851252436
SVK,CAN,291.9118182461875
SVK,CHE,1114.693181212943
SVK,CHN,2778.351047293025
SVK,CZE,7685.825853310578
SVK,DEU,15826.12218535346
SVK,DNK,437.3401124363112
SVK,ESP,1676.664262660152
SVK,EST,69.49468097391761
SVK,FIN,218.6706058452121
SVK,FRA,3805.564853069733
SVK,GBR,4635.389084403001
SVK,GRC,183.6946088211867
SVK,HRV,321.8528686380102
SVK,HUN,4144.575532083389
SVK,IDN,8.490505168283144
SVK,IND,37.84194002549619
SVK,IRL,401.5423161071099
SVK,ITA,3897.979335550026
SVK,JPN,160.012177644416
SVK,KOR,332.123400246391
SVK,LTU,144.5288761917029
SVK,LUX,154.622472023306
SVK,LVA,95.20533203015431
SVK,MEX,128.2868852352033
SVK,NLD,1444.55793038046
SVK,NOR,295.9948941557423
SVK,POL,5052.975926338648
SVK,PRT,190.368603677209
SVK,ROU,1227.50785124771
SVK,ROW,11031.35100819771
SVK,RUS,3513.72832636259
SVK,SVK,147844.2725714959
SVK,SVN,446.2630058746456
SVK,SWE,1005.357368630836
SVK,TUR,1024.741806035286
SVK,TWN,38.56206270092844
SVK,USA,1590.897493867566
SVN,AUS,111.5653638039302
SVN,AUT,2632.208568917352
SVN,BEL,622.9198744231163
SVN,BGR,204.6213121566467
SVN,BRA,66.26036285539664
SVN,CAN,132.2528762060847
SVN,CHE,595.1820051534174
SVN,CHN,240.4022883171705
SVN,CZE,614.0798618825712
SVN,DEU,5883.232736308541
SVN,DNK,268.5197527390309
SVN,ESP,350.2572142975736
SVN,EST,40.1070410360761
SVN,FIN,76.73956752429289
SVN,FRA,1559.339780030087
SVN,GBR,573.9395430168601
SVN,GRC,107.2726663143307
SVN,HRV,1701.865215042257
SVN,HUN,912.0230899950462
SVN,IDN,11.79399784329863
SVN,IND,74.15065358865149
SVN,IRL,73.39706729331172
SVN,ITA,3225.121583829427
SVN,JPN,49.88176340368503
SVN,KOR,98.74201502970601
SVN,LTU,83.15695955881867
SVN,LUX,79.3277033864515
SVN,LVA,51.33164226035495
SVN,MEX,75.7074240295551
SVN,NLD,372.7049225081922
SVN,NOR,93.65021310646857
SVN,POL,850.5570737644041
SVN,PRT,64.38013216717962
SVN,ROU,416.4032014972385
SVN,ROW,6354.201342100569
SVN,RUS,560.1776954143589
SVN,SVK,405.2519718809192
SVN,SVN,64561.90498887054
SVN,SWE,348.1141582881821
SVN,TUR,296.7582716374496
SVN,TWN,17.99702289229279
SVN,USA,516.8869949820894
SWE,AUS,1887.786199454994
SWE,AUT,2149.578630321951
SWE,BEL,6238.841188901312
SWE,BGR,206.1818108040618
SWE,BRA,2161.744649574817
SWE,CAN,1819.619194879943
SWE,CHE,3340.227556123693
SWE,CHN,7539.159982157705
SWE,CZE,1331.805339516914
SWE,DEU,20438.00076261405
SWE,DNK,18233.04175613221
SWE,ESP,3352.390680933618
SWE,EST,1476.819145373924
SWE,FIN,14214.00493502514
SWE,FRA,8688.488209405965
SWE,GBR,12119.06443756525
SWE,GRC,481.5336590555116
SWE,HRV,144.2955418544787
SWE,HUN,948.3721865677312
SWE,IDN,632.6147045160687
SWE,IND,1467.619257803032
SWE,IRL,1732.226956300138
SWE,ITA,4624.782967150712
SWE,JPN,2195.26560100967
SWE,KOR,2048.142223560949
SWE,LTU,765.9839490486092
SWE,LUX,559.5446104187522
SWE,LVA,499.9763088605943
SWE,MEX,934.9712461542189
SWE,NLD,8272.347367012659
SWE,NOR,23062.68761003157
SWE,POL,4478.496820506207
SWE,PRT,850.2819259741134
SWE,ROU,421.7381935096606
SWE,ROW,55345.3388568775
SWE,RUS,4880.833853322667
SWE,SVK,381.2441511616301
SWE,SVN,162.5017238355635
SWE,SWE,782844.8558123182
SWE,TUR,1937.222354447654
SWE,TWN,633.3823327416277
SWE,USA,12695.58080242718
TUR,AUS,1041.610719691364
TUR,AUT,1913.603158163405
TUR,BEL,3558.329431591716
TUR,BGR,2647.491840435238
TUR,BRA,1701.815839022966
TUR,CAN,2145.811558918567
TUR,CHE,1556.239117437611
TUR,CHN,3677.915530949025
TUR,CZE,1357.62184798925
TUR,DEU,25716.73113470564
TUR,DNK,1464.71812420561
TUR,ESP,7335.070387312152
TUR,EST,220.9219412503694
TUR,FIN,623.9922228644338
TUR,FRA,10655.25063808202
TUR,GBR,12805.24624933902
TUR,GRC,2381.843967357201
TUR,HRV,372.6668000730102
TUR,HUN,1056.933454235917
TUR,IDN,1094.917618572101
TUR,IND,1306.005902737228
TUR,IRL,767.9696629853421
TUR,ITA,11226.23995306351
TUR,JPN,849.858244792273
TUR,KOR,760.1343078808526
TUR,LTU,365.2151447060973
TUR,LUX,106.8070906954034
TUR,LVA,250.2486386859145
TUR,MEX,1078.769457239541
TUR,NLD,3805.834378372208
TUR,NOR,1043.971249184008
TUR,POL,3894.572249704627
TUR,PRT,780.2557886550795
TUR,ROU,3428.353047048857
TUR,ROW,107608.6193594968
TUR,RUS,15088.0063220713
TUR,SVK,716.4879169022614
TUR,SVN,823.0091838436487
TUR,SWE,2131.934170928608
TUR,TUR,1244750.264870106
TUR,TWN,268.4464611498211
TUR,USA,10153.70683306982
TWN,AUS,5094.781941461376
TWN,AUT,598.6001597860356
TWN,BEL,985.4844149957014
TWN,BGR,120.9502101484269
TWN,BRA,4803.798503770586
TWN,CAN,5588.082178775329
TWN,CHE,825.1037727755267
TWN,CHN,120018.9991314964
TWN,CZE,734.6263694023418
TWN,DEU,7829.72998925553
TWN,DNK,456.4997586711226
TWN,ESP,1190.266679980499
TWN,EST,115.5270285018648
TWN,FIN,445.6813970189734
TWN,FRA,2657.040857089126
TWN,GBR,4895.907747048484
TWN,GRC,209.8644711013372
TWN,HRV,45.25628057788802
TWN,HUN,537.9961896582944
TWN,IDN,3955.523134351547
TWN,IND,3618.345420839423
TWN,IRL,426.5866914458986
TWN,ITA,2300.032497868668
TWN,JPN,23704.45969733196
TWN,KOR,12313.60447163756
TWN,LTU,48.37103839808768
TWN,LUX,28.61119836383316
TWN,LVA,34.4515042920433
TWN,MEX,5720.383269474448
TWN,NLD,2110.68483062006
TWN,NOR,711.6028176645917
TWN,POL,1237.898000301351
TWN,PRT,152.2711724422272
TWN,ROU,144.3841175089802
TWN,ROW,117413.0009910532
TWN,RUS,1221.944493281962
TWN,SVK,326.0489205295526
TWN,SVN,81.91702596804443
TWN,SWE,702.4149795550345
TWN,TUR,2466.202687844703
TWN,TWN,851835.812624532
TWN,USA,34050.28621777331
USA,AUS,26812.97024372574
USA,AUT,4580.913431765174
USA,BEL,29823.09238620103
USA,BGR,545.5147930297305
USA,BRA,40464.1037497787
USA,CAN,291929.7948117488
USA,CHE,13414.99271101143
USA,CHN,112051.4089067582
USA,CZE,2745.704841260546
USA,DEU,79938.80086712501
USA,DNK,6836.652981237699
USA,ESP,10955.36259483059
USA,EST,251.9551387554004
USA,FIN,6196.772005282131
USA,FRA,57719.64500044823
USA,GBR,73795.7644782792
USA,GRC,2273.760909671813
USA,HRV,479.865488347446
USA,HUN,3402.395303279809
USA,IDN,5863.999927050601
USA,IND,16232.55540981181
USA,IRL,61755.95656754668
USA,ITA,19654.55526239349
USA,JPN,63598.2142693475
USA,KOR,43887.20848042567
USA,LTU,435.4656743926586
USA,LUX,20862.19014161143
USA,LVA,233.4231282179086
USA,MEX,178587.1350979247
USA,NLD,47919.75895268154
USA,NOR,6563.82989029516
USA,POL,4602.217760023716
USA,PRT,1565.976430051121
USA,ROU,1222.76985383345
USA,ROW,643355.249578419
USA,RUS,7080.56671657861
USA,SVK,763.0764138517554
USA,SVN,372.4591508898562
USA,SWE,13598.37664863404
USA,TUR,8302.059527901425
USA,TWN,16414.97629167859
USA,USA,29053134.00448278
